Chandigarh,Chandigarh,0
Chandigarh,Delhi,227.0939643
Chandigarh,Baroda,999.899095
Chandigarh,Hubli,1710.418526
Chandigarh,Kolhapur,1574.952444
Chandigarh,Agra,411.9805655
Chandigarh,Madras,1987.172575
Chandigarh,Panjim,1714.717155
Chandigarh,Patna,998.556703
Chandigarh,Varanasi,854.8027257
Chandigarh,Madurai,2308.006971
Chandigarh,Cochin,2303.772106
Chandigarh,Amritsar,207.4044053
Chandigarh,Ahmedabad,950.9448681
Chandigarh,Bhubaneshwar,1469.53203
Chandigarh,Allahabad,769.6093351
Chandigarh,Gwalior,519.3841906
Chandigarh,Shillong,1588.828382
Chandigarh,Bombay,1349.81678
Chandigarh,Jabalpur,895.1607035
Chandigarh,Pondicherry,2104.062958
Chandigarh,Kanpur,588.2250093
Chandigarh,Jamshedpur,1283.473497
Chandigarh,Indore,892.6299639
Chandigarh,Vishakapatnam,1585.278461
Chandigarh,Nagpur,1086.973365
Chandigarh,Ranchi,1176.721893
Chandigarh,Jullundur,132.3407661
Chandigarh,Trivandrum,2458.844662
Chandigarh,Bhopal,830.4612993
Chandigarh,Ludhiana,90.16936883
Chandigarh,Hyderabad,1488.57876
Chandigarh,Imphal,1811.1895
Chandigarh,Calcutta,1463.855403
Chandigarh,Calicut,2158.778155
Chandigarh,Meerut,213.5438287
Chandigarh,Vijayawada,1624.056523
Chandigarh,Surat,1130.601945
Chandigarh,Jaipur,434.4043216
Chandigarh,Agartala,1625.138287
Chandigarh,Coimbatore,2183.15777
Chandigarh,Asansol,1274.709818
Chandigarh,Bangalore,1968.619989
Chandigarh,Shimla,55.80954586
Chandigarh,Pune,1384.617393
Chandigarh,Nasik,1226.608401
Chandigarh,Lucknow,592.3896299
Delhi,Chandigarh,227.0939643
Delhi,Delhi,0
Delhi,Baroda,810.7530046
Delhi,Hubli,1491.090597
Delhi,Kolhapur,1360.720569
Delhi,Agra,191.2925035
Delhi,Madras,1760.468645
Delhi,Panjim,1501.42699
Delhi,Patna,867.5369848
Delhi,Varanasi,692.9039721
Delhi,Madurai,2081.60589
Delhi,Cochin,2080.058649
Delhi,Amritsar,389.380343
Delhi,Ahmedabad,775.9893715
Delhi,Bhubaneshwar,1283.089278
Delhi,Allahabad,593.6626067
Delhi,Gwalior,295.8337075
Delhi,Shillong,1505.413315
Delhi,Bombay,1149.608388
Delhi,Jabalpur,676.5166353
Delhi,Pondicherry,1877.023865
Delhi,Kanpur,405.0344819
Delhi,Jamshedpur,1122.115626
Delhi,Indore,674.6380455
Delhi,Vishakapatnam,1370.721797
Delhi,Nagpur,860.8887118
Delhi,Ranchi,1013.134502
Delhi,Jullundur,325.8030318
Delhi,Trivandrum,2233.925685
Delhi,Bhopal,603.9510466
Delhi,Ludhiana,271.6474738
Delhi,Hyderabad,1261.519919
Delhi,Imphal,1727.175148
Delhi,Calcutta,1318.138916
Delhi,Calicut,1936.277264
Delhi,Meerut,66.6235622
Delhi,Vijayawada,1398.863676
Delhi,Surat,939.2240011
Delhi,Jaipur,237.0946995
Delhi,Agartala,1514.868782
Delhi,Coimbatore,1958.20901
Delhi,Asansol,1130.991393
Delhi,Bangalore,1742.650905
Delhi,Shimla,266.2078498
Delhi,Pune,1175.332652
Delhi,Nasik,1021.116826
Delhi,Lucknow,431.1169022
Baroda,Chandigarh,999.899095
Baroda,Delhi,810.7530046
Baroda,Baroda,0
Baroda,Hubli,795.2416718
Baroda,Kolhapur,630.0880959
Baroda,Agra,727.3996545
Baroda,Madras,1267.415005
Baroda,Panjim,757.5734432
Baroda,Patna,1269.725806
Baroda,Varanasi,1051.732634
Baroda,Madurai,1468.084515
Baroda,Cochin,1408.60874
Baroda,Amritsar,1046.947623
Baroda,Ahmedabad,101.0057247
Baroda,Bhubaneshwar,1330.188799
Baroda,Allahabad,947.8593557
Baroda,Gwalior,666.5512352
Baroda,Shillong,1937.199083
Baroda,Bombay,359.1308368
Baroda,Jabalpur,705.5958133
Baroda,Pondicherry,1345.959702
Baroda,Kanpur,858.1076466
Baroda,Jamshedpur,1340.045225
Baroda,Indore,279.1318634
Baroda,Vishakapatnam,1167.816407
Baroda,Nagpur,624.4643872
Baroda,Ranchi,1249.934074
Baroda,Jullundur,1027.173762
Baroda,Trivandrum,1577.266313
Baroda,Bhopal,447.105978
Baroda,Ludhiana,988.6636574
Baroda,Hyderabad,778.1252358
Baroda,Imphal,2135.037234
Baroda,Calcutta,1562.520995
Baroda,Calicut,1253.607738
Baroda,Meerut,867.9127605
Baroda,Vijayawada,1013.223248
Baroda,Surat,131.0021692
Baroda,Jaipur,574.2773273
Baroda,Agartala,1861.671867
Baroda,Coimbatore,1312.51479
Baroda,Asansol,1420.970236
Baroda,Bangalore,1134.154157
Baroda,Shimla,1052.35627
Baroda,Pune,425.1197232
Baroda,Nasik,263.4231483
Baroda,Lucknow,933.1612286
Hubli,Chandigarh,1710.418526
Hubli,Delhi,1491.090597
Hubli,Baroda,795.2416718
Hubli,Hubli,0
Hubli,Kolhapur,175.7272678
Hubli,Agra,1341.506455
Hubli,Madras,610.1157511
Hubli,Panjim,139.824738
Hubli,Patna,1539.326244
Hubli,Varanasi,1372.421061
Hubli,Madurai,684.0659913
Hubli,Cochin,613.7857035
Hubli,Amritsar,1802.106671
Hubli,Ahmedabad,889.0962205
Hubli,Bhubaneshwar,1258.24476
Hubli,Allahabad,1316.693186
Hubli,Gwalior,1242.20464
Hubli,Shillong,2079.802148
Hubli,Bombay,475.1423912
Hubli,Jabalpur,1004.698276
Hubli,Pondicherry,632.6064344
Hubli,Kanpur,1341.104124
Hubli,Jamshedpur,1426.388779
Hubli,Indore,817.790049
Hubli,Vishakapatnam,901.3623519
Hubli,Nagpur,764.8415112
Hubli,Ranchi,1386.587041
Hubli,Jullundur,1768.37346
Hubli,Trivandrum,782.0271701
Hubli,Bhopal,906.3985055
Hubli,Ludhiana,1722.277355
Hubli,Hyderabad,423.1101509
Hubli,Imphal,2224.84184
Hubli,Calcutta,1605.090976
Hubli,Calicut,459.781409
Hubli,Meerut,1531.379377
Hubli,Vijayawada,604.7569805
Hubli,Surat,686.7499448
Hubli,Jaipur,1280.42614
Hubli,Agartala,1935.023569
Hubli,Coimbatore,520.3724284
Hubli,Asansol,1545.830487
Hubli,Bangalore,375.8044095
Hubli,Shimla,1755.699675
Hubli,Pune,374.4108956
Hubli,Nasik,531.9119382
Hubli,Lucknow,1407.234256
Kolhapur,Chandigarh,1574.952444
Kolhapur,Delhi,1360.720569
Kolhapur,Baroda,630.0880959
Kolhapur,Hubli,175.7272678
Kolhapur,Kolhapur,0
Kolhapur,Agra,1222.776347
Kolhapur,Madras,762.2906672
Kolhapur,Panjim,141.5141653
Kolhapur,Patna,1498.282784
Kolhapur,Varanasi,1315.56271
Kolhapur,Madurai,859.5224231
Kolhapur,Cochin,780.7981972
Kolhapur,Amritsar,1654.832473
Kolhapur,Ahmedabad,720.9279601
Kolhapur,Bhubaneshwar,1285.517908
Kolhapur,Allahabad,1247.746519
Kolhapur,Gwalior,1128.663287
Kolhapur,Shillong,2076.831955
Kolhapur,Bombay,299.6704022
Kolhapur,Jabalpur,935.3843298
Kolhapur,Pondicherry,798.7074033
Kolhapur,Kanpur,1249.175909
Kolhapur,Jamshedpur,1422.817131
Kolhapur,Indore,686.972592
Kolhapur,Vishakapatnam,960.7964694
Kolhapur,Nagpur,708.4502344
Kolhapur,Ranchi,1370.509256
Kolhapur,Jullundur,1625.077208
Kolhapur,Trivandrum,951.0879504
Kolhapur,Bhopal,797.7679049
Kolhapur,Ludhiana,1580.847867
Kolhapur,Hyderabad,457.9672218
Kolhapur,Imphal,2235.400604
Kolhapur,Calcutta,1615.99083
Kolhapur,Calicut,625.0136795
Kolhapur,Meerut,1405.312086
Kolhapur,Vijayawada,683.7447202
Kolhapur,Surat,516.1441505
Kolhapur,Jaipur,1141.439569
Kolhapur,Agartala,1945.277362
Kolhapur,Coimbatore,694.2305654
Kolhapur,Asansol,1536.89928
Kolhapur,Bangalore,548.3551802
Kolhapur,Shimla,1622.369603
Kolhapur,Pune,205.0677497
Kolhapur,Nasik,367.566785
Kolhapur,Lucknow,1318.993042
Agra,Chandigarh,411.9805655
Agra,Delhi,191.2925035
Agra,Baroda,727.3996545
Agra,Hubli,1341.506455
Agra,Kolhapur,1222.776347
Agra,Agra,0
Agra,Madras,1578.057052
Agra,Panjim,1364.28568
Agra,Patna,732.6067335
Agra,Varanasi,537.1146449
Agra,Madurai,1909.664173
Agra,Cochin,1917.701038
Agra,Amritsar,580.1951525
Agra,Ahmedabad,715.7099726
Agra,Bhubaneshwar,1102.041322
Agra,Allahabad,429.0313055
Agra,Gwalior,108.1604545
Agra,Shillong,1396.197483
Agra,Bombay,1039.346391
Agra,Jabalpur,485.3969243
Agra,Pondicherry,1697.04597
Agra,Kanpur,244.6555481
Agra,Jamshedpur,958.2653925
Agra,Indore,539.3401639
Agra,Vishakapatnam,1179.436164
Agra,Nagpur,676.9350142
Agra,Ranchi,848.9896359
Agra,Jullundur,517.0545761
Agra,Trivandrum,2067.6791
Agra,Bhopal,438.0165629
Agra,Ludhiana,462.8725964
Agra,Hyderabad,1085.411045
Agra,Imphal,1614.902263
Agra,Calcutta,1163.494363
Agra,Calicut,1777.482814
Agra,Meerut,202.5242223
Agra,Vijayawada,1212.524275
Agra,Surat,847.885858
Agra,Jaipur,222.2728362
Agra,Agartala,1384.603398
Agra,Coimbatore,1792.278373
Agra,Asansol,980.0884981
Agra,Bangalore,1573.230997
Agra,Shimla,442.8896082
Agra,Pune,1048.797154
Agra,Nasik,904.0015108
Agra,Lucknow,293.8670365
Madras,Chandigarh,1987.172575
Madras,Delhi,1760.468645
Madras,Baroda,1267.415005
Madras,Hubli,610.1157511
Madras,Kolhapur,762.2906672
Madras,Agra,1578.057052
Madras,Madras,0
Madras,Panjim,744.4156293
Madras,Patna,1475.918734
Madras,Varanasi,1383.738601
Madras,Madurai,420.7661918
Madras,Cochin,558.7775025
Madras,Amritsar,2127.360027
Madras,Ahmedabad,1368.413547
Madras,Bhubaneshwar,993.755371
Madras,Allahabad,1377.413011
Madras,Gwalior,1469.896636
Madras,Shillong,1842.970277
Madras,Bombay,1031.868777
Madras,Jabalpur,1118.181318
Madras,Pondicherry,135.8727706
Madras,Kanpur,1479.833482
Madras,Jamshedpur,1245.604255
Madras,Indore,1164.333001
Madras,Vishakapatnam,599.6903033
Madras,Nagpur,901.1706449
Madras,Ranchi,1254.222679
Madras,Jullundur,2076.721247
Madras,Trivandrum,622.1958177
Madras,Bhopal,1166.205632
Madras,Ludhiana,2024.470925
Madras,Hyderabad,513.1679085
Madras,Imphal,1936.006489
Madras,Calcutta,1355.349503
Madras,Calicut,528.6822183
Madras,Meerut,1780.568327
Madras,Vijayawada,380.9706349
Madras,Surat,1194.353134
Madras,Jaipur,1600.869332
Madras,Agartala,1662.478818
Madras,Coimbatore,427.1827497
Madras,Asansol,1369.976856
Madras,Bangalore,290.543167
Madras,Shimla,2020.852969
Madras,Pune,913.1412868
Madras,Nasik,1031.197828
Madras,Lucknow,1525.412825
Panjim,Chandigarh,1714.717155
Panjim,Delhi,1501.42699
Panjim,Baroda,757.5734432
Panjim,Hubli,139.824738
Panjim,Kolhapur,141.5141653
Panjim,Agra,1364.28568
Panjim,Madras,744.4156293
Panjim,Panjim,0
Panjim,Patna,1623.745846
Panjim,Varanasi,1446.216317
Panjim,Madurai,772.152077
Panjim,Cochin,669.6553058
Panjim,Amritsar,1791.104886
Panjim,Ahmedabad,844.0988877
Panjim,Bhubaneshwar,1377.381824
Panjim,Allahabad,1381.872206
Panjim,Gwalior,1270.091668
Panjim,Shillong,2186.385481
Panjim,Bombay,409.4251514
Panjim,Jabalpur,1068.946206
Panjim,Pondicherry,756.6233078
Panjim,Kanpur,1388.406154
Panjim,Jamshedpur,1531.794633
Panjim,Indore,828.1454984
Panjim,Vishakapatnam,1031.009999
Panjim,Nagpur,837.0494191
Panjim,Ranchi,1485.351168
Panjim,Jullundur,1762.801384
Panjim,Trivandrum,841.6770496
Panjim,Bhopal,938.6923599
Panjim,Ludhiana,1719.172433
Panjim,Hyderabad,539.8738376
Panjim,Imphal,2338.052329
Panjim,Calcutta,1717.777989
Panjim,Calicut,513.7465992
Panjim,Meerut,1546.453139
Panjim,Vijayawada,738.5522736
Panjim,Surat,637.3713146
Panjim,Jaipur,1280.799609
Panjim,Agartala,2047.828533
Panjim,Coimbatore,599.8794559
Panjim,Asansol,1648.698122
Panjim,Bangalore,492.8780925
Panjim,Shimla,1762.504587
Panjim,Pune,335.2874705
Panjim,Nasik,498.7975494
Panjim,Lucknow,1457.643993
Patna,Chandigarh,998.556703
Patna,Delhi,867.5369848
Patna,Baroda,1269.725806
Patna,Hubli,1539.326244
Patna,Kolhapur,1498.282784
Patna,Agra,732.6067335
Patna,Madras,1475.918734
Patna,Panjim,1623.745846
Patna,Patna,0
Patna,Varanasi,219.7553732
Patna,Madurai,1886.009977
Patna,Cochin,1970.510582
Patna,Amritsar,1205.649959
Patna,Ahmedabad,1306.391287
Patna,Bhubaneshwar,590.9306549
Patna,Allahabad,331.3146556
Patna,Gwalior,700.6976925
Patna,Shillong,678.6444936
Patna,Bombay,1453.49302
Patna,Jabalpur,586.8432452
Patna,Pondicherry,1611.694816
Patna,Kanpur,490.2665037
Patna,Jamshedpur,327.3701172
Patna,Indore,995.075875
Patna,Vishakapatnam,897.754241
Patna,Nagpur,790.4962631
Patna,Ranchi,249.8307065
Patna,Jullundur,1130.773366
Patna,Trivandrum,2079.44374
Patna,Bhopal,824.7983182
Patna,Ludhiana,1083.429397
Patna,Hyderabad,1140.154191
Patna,Imphal,890.7960709
Patna,Calcutta,468.5965468
Patna,Calicut,1867.645538
Patna,Meerut,825.7899692
Patna,Vijayawada,1108.838382
Patna,Surat,1349.33635
Patna,Jaipur,945.2280426
Patna,Agartala,652.0228793
Patna,Coimbatore,1829.273578
Patna,Asansol,280.7116796
Patna,Bangalore,1605.461166
Patna,Shimla,990.7486391
Patna,Pune,1402.22164
Patna,Nasik,1318.853656
Patna,Lucknow,441.2083682
Varanasi,Chandigarh,854.8027257
Varanasi,Delhi,692.9039721
Varanasi,Baroda,1051.732634
Varanasi,Hubli,1372.421061
Varanasi,Kolhapur,1315.56271
Varanasi,Agra,537.1146449
Varanasi,Madras,1383.738601
Varanasi,Panjim,1446.216317
Varanasi,Patna,219.7553732
Varanasi,Varanasi,0
Varanasi,Madurai,1779.251843
Varanasi,Cochin,1844.654949
Varanasi,Amritsar,1057.368234
Varanasi,Ahmedabad,1086.866265
Varanasi,Bhubaneshwar,628.3330663
Varanasi,Allahabad,114.2343616
Varanasi,Gwalior,491.2567906
Varanasi,Shillong,897.4181168
Varanasi,Bombay,1248.839586
Varanasi,Jabalpur,384.7159556
Varanasi,Pondicherry,1517.601907
Varanasi,Kanpur,292.9732548
Varanasi,Jamshedpur,430.4497537
Varanasi,Indore,778.90654
Varanasi,Vishakapatnam,845.2982297
Varanasi,Nagpur,609.5063749
Varanasi,Ranchi,322.4352284
Varanasi,Jullundur,984.2004297
Varanasi,Trivandrum,1965.783933
Varanasi,Bhopal,608.7889873
Varanasi,Ludhiana,933.2850316
Varanasi,Hyderabad,993.7600184
Varanasi,Imphal,1107.182116
Varanasi,Calcutta,627.1758145
Varanasi,Calicut,1730.935548
Varanasi,Meerut,661.4375986
Varanasi,Vijayawada,1005.052391
Varanasi,Surat,1134.557112
Varanasi,Jaipur,740.0735671
Varanasi,Agartala,857.8300833
Varanasi,Coimbatore,1705.354435
Varanasi,Asansol,442.9809967
Varanasi,Bangalore,1478.620691
Varanasi,Shimla,857.3306006
Varanasi,Pune,1205.005523
Varanasi,Nasik,1112.138031
Varanasi,Lucknow,264.2898968
Madurai,Chandigarh,2308.006971
Madurai,Delhi,2081.60589
Madurai,Baroda,1468.084515
Madurai,Hubli,684.0659913
Madurai,Kolhapur,859.5224231
Madurai,Agra,1909.664173
Madurai,Madras,420.7661918
Madurai,Panjim,772.152077
Madurai,Patna,1886.009977
Madurai,Varanasi,1779.251843
Madurai,Madurai,0
Madurai,Cochin,203.152172
Madurai,Amritsar,2426.94916
Madurai,Ahmedabad,1565.23097
Madurai,Bhubaneshwar,1414.390794
Madurai,Allahabad,1761.330922
Madurai,Gwalior,1802.795048
Madurai,Shillong,2262.126433
Madurai,Bombay,1159.155464
Madurai,Jabalpur,1480.44719
Madurai,Pondicherry,289.5020009
Madurai,Kanpur,1843.872104
Madurai,Jamshedpur,1665.310199
Madurai,Indore,1436.284376
Madurai,Vishakapatnam,1020.192079
Madurai,Nagpur,1245.959741
Madurai,Ranchi,1670.436582
Madurai,Jullundur,2384.076895
Madurai,Trivandrum,202.2842184
Madurai,Bhopal,1477.656436
Madurai,Ludhiana,2334.201776
Madurai,Hyderabad,826.2867406
Madurai,Imphal,2349.450712
Madurai,Calcutta,1775.345149
Madurai,Calicut,295.4633689
Madurai,Meerut,2110.410783
Madurai,Vijayawada,777.8789941
Madurai,Surat,1367.097952
Madurai,Jaipur,1896.26582
Madurai,Agartala,2079.425153
Madurai,Coimbatore,175.5484484
Madurai,Asansol,1789.940601
Madurai,Bangalore,341.8246296
Madurai,Shimla,2347.055176
Madurai,Pune,1056.232506
Madurai,Nasik,1207.639615
Madurai,Lucknow,1896.497953
Cochin,Chandigarh,2303.772106
Cochin,Delhi,2080.058649
Cochin,Baroda,1408.60874
Cochin,Hubli,613.7857035
Cochin,Kolhapur,780.7981972
Cochin,Agra,1917.701038
Cochin,Madras,558.7775025
Cochin,Panjim,669.6553058
Cochin,Patna,1970.510582
Cochin,Varanasi,1844.654949
Cochin,Madurai,203.152172
Cochin,Cochin,0
Cochin,Amritsar,2407.334362
Cochin,Ahmedabad,1501.284724
Cochin,Bhubaneshwar,1538.550257
Cochin,Allahabad,1814.515907
Cochin,Gwalior,1813.327603
Cochin,Shillong,2392.019711
Cochin,Bombay,1075.626723
Cochin,Jabalpur,1518.876877
Cochin,Pondicherry,446.3820115
Cochin,Kanpur,1877.862462
Cochin,Jamshedpur,1774.880464
Cochin,Indore,1415.913625
Cochin,Vishakapatnam,1140.223192
Cochin,Nagpur,1277.197718
Cochin,Ranchi,1768.775118
Cochin,Jullundur,2369.950325
Cochin,Trivandrum,172.1323394
Cochin,Bhopal,1480.101058
Cochin,Ludhiana,2322.141353
Cochin,Hyderabad,858.8619683
Cochin,Imphal,2492.436129
Cochin,Calcutta,1902.697151
Cochin,Calicut,156.2159156
Cochin,Meerut,2114.643396
Cochin,Vijayawada,868.5005648
Cochin,Surat,1296.942306
Cochin,Jaipur,1880.356221
Cochin,Agartala,2215.968279
Cochin,Coimbatore,141.775187
Cochin,Asansol,1900.142826
Cochin,Bangalore,366.1756016
Cochin,Shimla,2346.221783
Cochin,Pune,985.2293758
Cochin,Nasik,1145.185605
Cochin,Lucknow,1935.963137
Ahmedabad,Chandigarh,950.9448681
Ahmedabad,Delhi,775.9893715
Ahmedabad,Baroda,101.0057247
Ahmedabad,Hubli,889.0962205
Ahmedabad,Kolhapur,720.9279601
Ahmedabad,Agra,715.7099726
Ahmedabad,Madras,1368.413547
Ahmedabad,Panjim,844.0988877
Ahmedabad,Patna,1306.391287
Ahmedabad,Varanasi,1086.866265
Ahmedabad,Madurai,1565.23097
Ahmedabad,Cochin,1501.284724
Ahmedabad,Amritsar,980.942063
Ahmedabad,Ahmedabad,0
Ahmedabad,Bhubaneshwar,1404.017835
Ahmedabad,Allahabad,978.972468
Ahmedabad,Gwalior,668.4971213
Ahmedabad,Shillong,1979.941789
Ahmedabad,Bombay,438.1061361
Ahmedabad,Jabalpur,759.7541809
Ahmedabad,Pondicherry,1446.514997
Ahmedabad,Kanpur,871.7976094
Ahmedabad,Jamshedpur,1398.128984
Ahmedabad,Indore,338.8955781
Ahmedabad,Vishakapatnam,1258.198034
Ahmedabad,Nagpur,703.8231574
Ahmedabad,Ranchi,1304.248276
Ahmedabad,Jullundur,966.9307777
Ahmedabad,Trivandrum,1670.772451
Ahmedabad,Bhopal,496.4876029
Ahmedabad,Ludhiana,931.7785293
Ahmedabad,Hyderabad,878.2020047
Ahmedabad,Imphal,2182.146063
Ahmedabad,Calcutta,1621.475339
Ahmedabad,Calicut,1345.771963
Ahmedabad,Meerut,836.7404001
Ahmedabad,Vijayawada,1111.590972
Ahmedabad,Surat,206.8513451
Ahmedabad,Jaipur,539.4892161
Ahmedabad,Agartala,1913.379801
Ahmedabad,Coimbatore,1407.961797
Ahmedabad,Asansol,1473.111338
Ahmedabad,Bangalore,1232.725179
Ahmedabad,Shimla,1004.888169
Ahmedabad,Pune,516.0899647
Ahmedabad,Nasik,357.9333639
Ahmedabad,Lucknow,945.6767989
Bhubaneshwar,Chandigarh,1469.53203
Bhubaneshwar,Delhi,1283.089278
Bhubaneshwar,Baroda,1330.188799
Bhubaneshwar,Hubli,1258.24476
Bhubaneshwar,Kolhapur,1285.517908
Bhubaneshwar,Agra,1102.041322
Bhubaneshwar,Madras,993.755371
Bhubaneshwar,Panjim,1377.381824
Bhubaneshwar,Patna,590.9306549
Bhubaneshwar,Varanasi,628.3330663
Bhubaneshwar,Madurai,1414.390794
Bhubaneshwar,Cochin,1538.550257
Bhubaneshwar,Amritsar,1665.369237
Bhubaneshwar,Ahmedabad,1404.017835
Bhubaneshwar,Bhubaneshwar,0
Bhubaneshwar,Allahabad,700.3305068
Bhubaneshwar,Gwalior,1020.148178
Bhubaneshwar,Shillong,853.9635356
Bhubaneshwar,Bombay,1363.85044
Bhubaneshwar,Jabalpur,683.1372082
Bhubaneshwar,Pondicherry,1126.039107
Bhubaneshwar,Kanpur,882.7923543
Bhubaneshwar,Jamshedpur,280.5035422
Bhubaneshwar,Indore,1066.720871
Bhubaneshwar,Vishakapatnam,398.3733099
Bhubaneshwar,Nagpur,707.8881146
Bhubaneshwar,Ranchi,341.6705445
Bhubaneshwar,Jullundur,1594.751909
Bhubaneshwar,Trivandrum,1615.942686
Bhubaneshwar,Bhopal,929.5807527
Bhubaneshwar,Ludhiana,1541.910683
Bhubaneshwar,Hyderabad,837.6371638
Bhubaneshwar,Imphal,972.6856233
Bhubaneshwar,Calcutta,364.4458869
Bhubaneshwar,Calicut,1468.067451
Bhubaneshwar,Meerut,1264.682793
Bhubaneshwar,Vijayawada,689.1831649
Bhubaneshwar,Surat,1356.388409
Bhubaneshwar,Jaipur,1258.609244
Bhubaneshwar,Agartala,686.2493947
Bhubaneshwar,Coimbatore,1398.546506
Bhubaneshwar,Asansol,393.7411309
Bhubaneshwar,Bangalore,1194.392751
Bhubaneshwar,Shimla,1477.763148
Bhubaneshwar,Pune,1271.966491
Bhubaneshwar,Nasik,1258.381499
Bhubaneshwar,Lucknow,879.7209743
Allahabad,Chandigarh,769.6093351
Allahabad,Delhi,593.6626067
Allahabad,Baroda,947.8593557
Allahabad,Hubli,1316.693186
Allahabad,Kolhapur,1247.746519
Allahabad,Agra,429.0313055
Allahabad,Madras,1377.413011
Allahabad,Panjim,1381.872206
Allahabad,Patna,331.3146556
Allahabad,Varanasi,114.2343616
Allahabad,Madurai,1761.330922
Allahabad,Cochin,1814.515907
Allahabad,Amritsar,967.8748062
Allahabad,Ahmedabad,978.972468
Allahabad,Bhubaneshwar,700.3305068
Allahabad,Allahabad,0
Allahabad,Gwalior,377.7974193
Allahabad,Shillong,1009.924708
Allahabad,Bombay,1161.464753
Allahabad,Jabalpur,313.0201743
Allahabad,Pondicherry,1509.002346
Allahabad,Kanpur,188.7628014
Allahabad,Jamshedpur,530.0976601
Allahabad,Indore,679.118771
Allahabad,Vishakapatnam,869.6789211
Allahabad,Nagpur,552.5244767
Allahabad,Ranchi,420.8087453
Allahabad,Jullundur,896.160069
Allahabad,Trivandrum,1942.718424
Allahabad,Bhopal,510.3467064
Allahabad,Ludhiana,843.9314747
Allahabad,Hyderabad,956.9021768
Allahabad,Imphal,1220.792235
Allahabad,Calcutta,734.9276523
Allahabad,Calicut,1694.325776
Allahabad,Meerut,568.088732
Allahabad,Vijayawada,996.4697711
Allahabad,Surat,1035.71729
Allahabad,Jaipur,627.3384156
Allahabad,Agartala,971.9693987
Allahabad,Coimbatore,1677.17356
Allahabad,Asansol,553.5204057
Allahabad,Bangalore,1450.02625
Allahabad,Shimla,777.5441199
Allahabad,Pune,1125.104281
Allahabad,Nasik,1023.135837
Allahabad,Lucknow,180.3738305
Gwalior,Chandigarh,519.3841906
Gwalior,Delhi,295.8337075
Gwalior,Baroda,666.5512352
Gwalior,Hubli,1242.20464
Gwalior,Kolhapur,1128.663287
Gwalior,Agra,108.1604545
Gwalior,Madras,1469.896636
Gwalior,Panjim,1270.091668
Gwalior,Patna,700.6976925
Gwalior,Varanasi,491.2567906
Gwalior,Madurai,1802.795048
Gwalior,Cochin,1813.327603
Gwalior,Amritsar,681.7497268
Gwalior,Ahmedabad,668.4971213
Gwalior,Bhubaneshwar,1020.148178
Gwalior,Allahabad,377.7974193
Gwalior,Gwalior,0
Gwalior,Shillong,1375.587434
Gwalior,Bombay,959.5150942
Gwalior,Jabalpur,382.3875147
Gwalior,Pondicherry,1588.976473
Gwalior,Kanpur,216.7158664
Gwalior,Jamshedpur,896.4261127
Gwalior,Indore,452.7094786
Gwalior,Vishakapatnam,1077.798945
Gwalior,Nagpur,568.7808807
Gwalior,Ranchi,787.9904244
Gwalior,Jullundur,620.9991231
Gwalior,Trivandrum,1962.139643
Gwalior,Bhopal,336.0653406
Gwalior,Ludhiana,567.0038548
Gwalior,Hyderabad,977.972945
Gwalior,Imphal,1590.77187
Gwalior,Calcutta,1108.729919
Gwalior,Calicut,1674.314043
Gwalior,Meerut,310.680271
Gwalior,Vijayawada,1104.734283
Gwalior,Surat,780.2804436
Gwalior,Jaipur,250.4270488
Gwalior,Agartala,1348.545833
Gwalior,Coimbatore,1686.934783
Gwalior,Asansol,930.3104326
Gwalior,Bangalore,1467.063411
Gwalior,Shimla,551.0249603
Gwalior,Pune,960.7761412
Gwalior,Nasik,821.837647
Gwalior,Lucknow,284.7714921
Shillong,Chandigarh,1588.828382
Shillong,Delhi,1505.413315
Shillong,Baroda,1937.199083
Shillong,Hubli,2079.802148
Shillong,Kolhapur,2076.831955
Shillong,Agra,1396.197483
Shillong,Madras,1842.970277
Shillong,Panjim,2186.385481
Shillong,Patna,678.6444936
Shillong,Varanasi,897.4181168
Shillong,Madurai,2262.126433
Shillong,Cochin,2392.019711
Shillong,Amritsar,1792.254901
Shillong,Ahmedabad,1979.941789
Shillong,Bhubaneshwar,853.9635356
Shillong,Allahabad,1009.924708
Shillong,Gwalior,1375.587434
Shillong,Shillong,0
Shillong,Bombay,2084.48506
Shillong,Jabalpur,1236.301142
Shillong,Pondicherry,1972.699671
Shillong,Kanpur,1160.980335
Shillong,Jamshedpur,654.614794
Shillong,Indore,1659.101477
Shillong,Vishakapatnam,1252.221987
Shillong,Nagpur,1397.423499
Shillong,Ranchi,711.7868142
Shillong,Jullundur,1718.15494
Shillong,Trivandrum,2464.311863
Shillong,Bhopal,1490.093251
Shillong,Ludhiana,1678.645115
Shillong,Hyderabad,1657.543131
Shillong,Imphal,222.573847
Shillong,Calcutta,489.5200596
Shillong,Calicut,2321.308308
Shillong,Meerut,1453.316011
Shillong,Vijayawada,1539.662453
Shillong,Surat,2006.988088
Shillong,Jaipur,1614.796523
Shillong,Agartala,203.0418861
Shillong,Coimbatore,2252.31741
Shillong,Asansol,540.9492832
Shillong,Bangalore,2047.708367
Shillong,Shimla,1566.046805
Shillong,Pune,2016.619442
Shillong,Nasik,1956.78485
Shillong,Lucknow,1102.637237
Bombay,Chandigarh,1349.81678
Bombay,Delhi,1149.608388
Bombay,Baroda,359.1308368
Bombay,Hubli,475.1423912
Bombay,Kolhapur,299.6704022
Bombay,Agra,1039.346391
Bombay,Madras,1031.868777
Bombay,Panjim,409.4251514
Bombay,Patna,1453.49302
Bombay,Varanasi,1248.839586
Bombay,Madurai,1159.155464
Bombay,Cochin,1075.626723
Bombay,Amritsar,1405.504669
Bombay,Ahmedabad,438.1061361
Bombay,Bhubaneshwar,1363.85044
Bombay,Allahabad,1161.464753
Bombay,Gwalior,959.5150942
Bombay,Shillong,2084.48506
Bombay,Bombay,0
Bombay,Jabalpur,866.8997354
Bombay,Pondicherry,1084.091426
Bombay,Kanpur,1118.724081
Bombay,Jamshedpur,1445.428544
Bombay,Indore,508.7360272
Bombay,Vishakapatnam,1103.347138
Bombay,Nagpur,688.609119
Bombay,Ranchi,1373.801968
Bombay,Jullundur,1383.852307
Bombay,Trivandrum,1246.972766
Bombay,Bhopal,660.4862986
Bombay,Ludhiana,1343.816028
Bombay,Hyderabad,622.0197085
Bombay,Imphal,2263.439904
Bombay,Calcutta,1656.86115
Bombay,Calicut,919.4163169
Bombay,Meerut,1201.977196
Bombay,Vijayawada,871.4486036
Bombay,Surat,231.8915383
Bombay,Jaipur,917.5650883
Bombay,Agartala,1977.631881
Bombay,Coimbatore,993.543082
Bombay,Asansol,1546.708352
Bombay,Bangalore,843.1129144
Bombay,Shimla,1400.788369
Bombay,Pune,120.1381697
Bombay,Nasik,139.8882138
Bombay,Lucknow,1193.079112
Jabalpur,Chandigarh,895.1607035
Jabalpur,Delhi,676.5166353
Jabalpur,Baroda,705.5958133
Jabalpur,Hubli,1004.698276
Jabalpur,Kolhapur,935.3843298
Jabalpur,Agra,485.3969243
Jabalpur,Madras,1118.181318
Jabalpur,Panjim,1068.946206
Jabalpur,Patna,586.8432452
Jabalpur,Varanasi,384.7159556
Jabalpur,Madurai,1480.44719
Jabalpur,Cochin,1518.876877
Jabalpur,Amritsar,1064.045272
Jabalpur,Ahmedabad,759.7541809
Jabalpur,Bhubaneshwar,683.1372082
Jabalpur,Allahabad,313.0201743
Jabalpur,Gwalior,382.3875147
Jabalpur,Shillong,1236.301142
Jabalpur,Bombay,866.8997354
Jabalpur,Jabalpur,0
Jabalpur,Pondicherry,1244.156789
Jabalpur,Kanpur,363.7221937
Jabalpur,Jamshedpur,638.6798007
Jabalpur,Indore,426.5017099
Jabalpur,Vishakapatnam,695.4806507
Jabalpur,Nagpur,243.7105026
Jabalpur,Ranchi,544.9524724
Jabalpur,Jullundur,1002.308747
Jabalpur,Trivandrum,1654.371966
Jabalpur,Bhopal,263.5811243
Jabalpur,Ludhiana,948.1639247
Jabalpur,Hyderabad,660.5445322
Jabalpur,Imphal,1430.343346
Jabalpur,Calcutta,862.1772624
Jabalpur,Calicut,1392.977447
Jabalpur,Meerut,682.1240288
Jabalpur,Vijayawada,742.2153097
Jabalpur,Surat,770.7133225
Jabalpur,Jaipur,591.8109789
Jabalpur,Agartala,1156.113116
Jabalpur,Coimbatore,1384.230086
Jabalpur,Asansol,715.3989098
Jabalpur,Bangalore,1157.989089
Jabalpur,Shimla,921.0528506
Jabalpur,Pune,820.3097592
Jabalpur,Nasik,732.0236289
Jabalpur,Lucknow,417.3988629
Pondicherry,Chandigarh,2104.062958
Pondicherry,Delhi,1877.023865
Pondicherry,Baroda,1345.959702
Pondicherry,Hubli,632.6064344
Pondicherry,Kolhapur,798.7074033
Pondicherry,Agra,1697.04597
Pondicherry,Madras,135.8727706
Pondicherry,Panjim,756.6233078
Pondicherry,Patna,1611.694816
Pondicherry,Varanasi,1517.601907
Pondicherry,Madurai,289.5020009
Pondicherry,Cochin,446.3820115
Pondicherry,Amritsar,2238.738737
Pondicherry,Ahmedabad,1446.514997
Pondicherry,Bhubaneshwar,1126.039107
Pondicherry,Allahabad,1509.002346
Pondicherry,Gwalior,1588.976473
Pondicherry,Shillong,1972.699671
Pondicherry,Bombay,1084.091426
Pondicherry,Jabalpur,1244.156789
Pondicherry,Pondicherry,0
Pondicherry,Kanpur,1606.992371
Pondicherry,Jamshedpur,1380.381629
Pondicherry,Indore,1264.353494
Pondicherry,Vishakapatnam,733.9737637
Pondicherry,Nagpur,1021.483523
Pondicherry,Ranchi,1389.965942
Pondicherry,Jullundur,2190.132903
Pondicherry,Trivandrum,491.7787327
Pondicherry,Bhopal,1278.136503
Pondicherry,Ludhiana,2138.436682
Pondicherry,Hyderabad,618.8721012
Pondicherry,Imphal,2060.74024
Pondicherry,Calcutta,1486.232975
Pondicherry,Calicut,445.7244145
Pondicherry,Meerut,1899.496311
Pondicherry,Vijayawada,513.0978531
Pondicherry,Surat,1263.351713
Pondicherry,Jaipur,1709.844578
Pondicherry,Agartala,1789.992087
Pondicherry,Coimbatore,327.6052675
Pondicherry,Asansol,1504.546288
Pondicherry,Bangalore,266.2717953
Pondicherry,Shimla,2139.217694
Pondicherry,Pune,968.6012184
Pondicherry,Nasik,1099.51533
Pondicherry,Lucknow,1654.310325
Kanpur,Chandigarh,588.2250093
Kanpur,Delhi,405.0344819
Kanpur,Baroda,858.1076466
Kanpur,Hubli,1341.104124
Kanpur,Kolhapur,1249.175909
Kanpur,Agra,244.6555481
Kanpur,Madras,1479.833482
Kanpur,Panjim,1388.406154
Kanpur,Patna,490.2665037
Kanpur,Varanasi,292.9732548
Kanpur,Madurai,1843.872104
Kanpur,Cochin,1877.862462
Kanpur,Amritsar,782.6253392
Kanpur,Ahmedabad,871.7976094
Kanpur,Bhubaneshwar,882.7923543
Kanpur,Allahabad,188.7628014
Kanpur,Gwalior,216.7158664
Kanpur,Shillong,1160.980335
Kanpur,Bombay,1118.724081
Kanpur,Jabalpur,363.7221937
Kanpur,Pondicherry,1606.992371
Kanpur,Kanpur,0
Kanpur,Jamshedpur,718.4471742
Kanpur,Indore,613.1580671
Kanpur,Vishakapatnam,1014.94163
Kanpur,Nagpur,600.9621931
Kanpur,Ranchi,609.22521
Kanpur,Jullundur,712.0323227
Kanpur,Trivandrum,2016.225529
Kanpur,Bhopal,460.3001842
Kanpur,Ludhiana,659.1190066
Kanpur,Hyderabad,1021.653771
Kanpur,Imphal,1377.538289
Kanpur,Calcutta,920.0328533
Kanpur,Calicut,1748.132497
Kanpur,Meerut,381.9765064
Kanpur,Vijayawada,1101.505112
Kanpur,Surat,961.9569705
Kanpur,Jaipur,455.2065078
Kanpur,Agartala,1141.63264
Kanpur,Coimbatore,1744.765635
Kanpur,Asansol,735.7537995
Kanpur,Bangalore,1519.282338
Kanpur,Shimla,600.9854719
Kanpur,Pune,1101.785139
Kanpur,Nasik,978.8746555
Kanpur,Lucknow,75.32265569
Jamshedpur,Chandigarh,1283.473497
Jamshedpur,Delhi,1122.115626
Jamshedpur,Baroda,1340.045225
Jamshedpur,Hubli,1426.388779
Jamshedpur,Kolhapur,1422.817131
Jamshedpur,Agra,958.2653925
Jamshedpur,Madras,1245.604255
Jamshedpur,Panjim,1531.794633
Jamshedpur,Patna,327.3701172
Jamshedpur,Varanasi,430.4497537
Jamshedpur,Madurai,1665.310199
Jamshedpur,Cochin,1774.880464
Jamshedpur,Amritsar,1487.183229
Jamshedpur,Ahmedabad,1398.128984
Jamshedpur,Bhubaneshwar,280.5035422
Jamshedpur,Allahabad,530.0976601
Jamshedpur,Gwalior,896.4261127
Jamshedpur,Shillong,654.614794
Jamshedpur,Bombay,1445.428544
Jamshedpur,Jabalpur,638.6798007
Jamshedpur,Pondicherry,1380.381629
Jamshedpur,Kanpur,718.4471742
Jamshedpur,Jamshedpur,0
Jamshedpur,Indore,1062.290632
Jamshedpur,Vishakapatnam,646.6476529
Jamshedpur,Nagpur,757.3148502
Jamshedpur,Ranchi,109.3064224
Jamshedpur,Jullundur,1413.66535
Jamshedpur,Trivandrum,1864.879824
Jamshedpur,Bhopal,902.2604207
Jamshedpur,Ludhiana,1363.176687
Jamshedpur,Hyderabad,1005.197494
Jamshedpur,Imphal,818.8402541
Jamshedpur,Calcutta,223.5352778
Jamshedpur,Calicut,1690.713121
Jamshedpur,Meerut,1091.875483
Jamshedpur,Vijayawada,908.3029912
Jamshedpur,Surat,1392.224595
Jamshedpur,Jaipur,1146.217165
Jamshedpur,Agartala,532.2400605
Jamshedpur,Coimbatore,1633.367781
Jamshedpur,Asansol,125.263039
Jamshedpur,Bangalore,1419.087738
Jamshedpur,Shimla,1283.298667
Jamshedpur,Pune,1370.462083
Jamshedpur,Nasik,1323.601222
Jamshedpur,Lucknow,694.7277164
Indore,Chandigarh,892.6299639
Indore,Delhi,674.6380455
Indore,Baroda,279.1318634
Indore,Hubli,817.790049
Indore,Kolhapur,686.972592
Indore,Agra,539.3401639
Indore,Madras,1164.333001
Indore,Panjim,828.1454984
Indore,Patna,995.075875
Indore,Varanasi,778.90654
Indore,Madurai,1436.284376
Indore,Cochin,1415.913625
Indore,Amritsar,992.5813617
Indore,Ahmedabad,338.8955781
Indore,Bhubaneshwar,1066.720871
Indore,Allahabad,679.118771
Indore,Gwalior,452.7094786
Indore,Shillong,1659.101477
Indore,Bombay,508.7360272
Indore,Jabalpur,426.5017099
Indore,Pondicherry,1264.353494
Indore,Kanpur,613.1580671
Indore,Jamshedpur,1062.290632
Indore,Indore,0
Indore,Vishakapatnam,949.5350144
Indore,Nagpur,376.4840019
Indore,Ranchi,971.0951888
Indore,Jullundur,954.0408623
Indore,Trivandrum,1575.097661
Indore,Bhopal,170.2815457
Indore,Ludhiana,906.5128254
Indore,Hyderabad,651.4094872
Indore,Imphal,1856.038253
Indore,Calcutta,1285.208218
Indore,Calicut,1268.418752
Indore,Meerut,718.339502
Indore,Vijayawada,851.6205461
Indore,Surat,356.6156691
Indore,Jaipur,464.492954
Indore,Agartala,1582.611541
Indore,Coimbatore,1300.412993
Indore,Asansol,1141.899128
Indore,Bangalore,1094.462784
Indore,Shimla,938.2257905
Indore,Pune,509.5169688
Indore,Nasik,369.9042391
Indore,Lucknow,688.1650282
Vishakapatnam,Chandigarh,1585.278461
Vishakapatnam,Delhi,1370.721797
Vishakapatnam,Baroda,1167.816407
Vishakapatnam,Hubli,901.3623519
Vishakapatnam,Kolhapur,960.7964694
Vishakapatnam,Agra,1179.436164
Vishakapatnam,Madras,599.6903033
Vishakapatnam,Panjim,1031.009999
Vishakapatnam,Patna,897.754241
Vishakapatnam,Varanasi,845.2982297
Vishakapatnam,Madurai,1020.192079
Vishakapatnam,Cochin,1140.223192
Vishakapatnam,Amritsar,1759.165981
Vishakapatnam,Ahmedabad,1258.198034
Vishakapatnam,Bhubaneshwar,398.3733099
Vishakapatnam,Allahabad,869.6789211
Vishakapatnam,Gwalior,1077.798945
Vishakapatnam,Shillong,1252.221987
Vishakapatnam,Bombay,1103.347138
Vishakapatnam,Jabalpur,695.4806507
Vishakapatnam,Pondicherry,733.9737637
Vishakapatnam,Kanpur,1014.94163
Vishakapatnam,Jamshedpur,646.6476529
Vishakapatnam,Indore,949.5350144
Vishakapatnam,Vishakapatnam,0
Vishakapatnam,Nagpur,578.5366056
Vishakapatnam,Ranchi,663.1755354
Vishakapatnam,Jullundur,1696.372713
Vishakapatnam,Trivandrum,1220.842796
Vishakapatnam,Bhopal,864.3831161
Vishakapatnam,Ludhiana,1642.163782
Vishakapatnam,Hyderabad,503.5111059
Vishakapatnam,Imphal,1363.131958
Vishakapatnam,Calcutta,762.7228691
Vishakapatnam,Calicut,1071.455274
Vishakapatnam,Meerut,1371.754153
Vishakapatnam,Vijayawada,303.1726295
Vishakapatnam,Surat,1156.652817
Vishakapatnam,Jaipur,1275.936203
Vishakapatnam,Agartala,1080.577112
Vishakapatnam,Coimbatore,1000.174558
Vishakapatnam,Asansol,770.5979397
Vishakapatnam,Bangalore,797.9138268
Vishakapatnam,Shimla,1606.920548
Vishakapatnam,Pune,995.0492423
Vishakapatnam,Nasik,1025.887018
Vishakapatnam,Lucknow,1040.928828
Nagpur,Chandigarh,1086.973365
Nagpur,Delhi,860.8887118
Nagpur,Baroda,624.4643872
Nagpur,Hubli,764.8415112
Nagpur,Kolhapur,708.4502344
Nagpur,Agra,676.9350142
Nagpur,Madras,901.1706449
Nagpur,Panjim,837.0494191
Nagpur,Patna,790.4962631
Nagpur,Varanasi,609.5063749
Nagpur,Madurai,1245.959741
Nagpur,Cochin,1277.197718
Nagpur,Amritsar,1235.498966
Nagpur,Ahmedabad,703.8231574
Nagpur,Bhubaneshwar,707.8881146
Nagpur,Allahabad,552.5244767
Nagpur,Gwalior,568.7808807
Nagpur,Shillong,1397.423499
Nagpur,Bombay,688.609119
Nagpur,Jabalpur,243.7105026
Nagpur,Pondicherry,1021.483523
Nagpur,Kanpur,600.9621931
Nagpur,Jamshedpur,757.3148502
Nagpur,Indore,376.4840019
Nagpur,Vishakapatnam,578.5366056
Nagpur,Nagpur,0
Nagpur,Ranchi,685.8728593
Nagpur,Jullundur,1180.98481
Nagpur,Trivandrum,1415.581273
Nagpur,Bhopal,290.9474056
Nagpur,Ludhiana,1127.934161
Nagpur,Hyderabad,421.0763409
Nagpur,Imphal,1574.85421
Nagpur,Calcutta,971.5210921
Nagpur,Calicut,1149.703434
Nagpur,Meerut,879.4245257
Nagpur,Vijayawada,539.2144254
Nagpur,Surat,649.8296045
Nagpur,Jaipur,721.4886641
Nagpur,Agartala,1289.53461
Nagpur,Coimbatore,1143.80419
Nagpur,Asansol,858.4021485
Nagpur,Bangalore,918.4868422
Nagpur,Shimla,1119.797889
Nagpur,Pune,620.2554958
Nagpur,Nasik,566.8359611
Nagpur,Lucknow,659.0853601
Ranchi,Chandigarh,1176.721893
Ranchi,Delhi,1013.134502
Ranchi,Baroda,1249.934074
Ranchi,Hubli,1386.587041
Ranchi,Kolhapur,1370.509256
Ranchi,Agra,848.9896359
Ranchi,Madras,1254.222679
Ranchi,Panjim,1485.351168
Ranchi,Patna,249.8307065
Ranchi,Varanasi,322.4352284
Ranchi,Madurai,1670.436582
Ranchi,Cochin,1768.775118
Ranchi,Amritsar,1379.757325
Ranchi,Ahmedabad,1304.248276
Ranchi,Bhubaneshwar,341.6705445
Ranchi,Allahabad,420.8087453
Ranchi,Gwalior,787.9904244
Ranchi,Shillong,711.7868142
Ranchi,Bombay,1373.801968
Ranchi,Jabalpur,544.9524724
Ranchi,Pondicherry,1389.965942
Ranchi,Kanpur,609.22521
Ranchi,Jamshedpur,109.3064224
Ranchi,Indore,971.0951888
Ranchi,Vishakapatnam,663.1755354
Ranchi,Nagpur,685.8728593
Ranchi,Ranchi,0
Ranchi,Jullundur,1306.478221
Ranchi,Trivandrum,1867.543281
Ranchi,Bhopal,807.7616289
Ranchi,Ludhiana,1255.68775
Ranchi,Hyderabad,970.5418704
Ranchi,Imphal,892.151198
Ranchi,Calcutta,324.6649453
Ranchi,Calicut,1676.38833
Ranchi,Meerut,983.5499371
Ranchi,Vijayawada,900.4521217
Ranchi,Surat,1308.079576
Ranchi,Jaipur,1038.026287
Ranchi,Agartala,612.4484961
Ranchi,Coimbatore,1627.00114
Ranchi,Asansol,173.4305762
Ranchi,Bangalore,1407.823837
Ranchi,Shimla,1177.731572
Ranchi,Pune,1304.840151
Ranchi,Nasik,1248.04072
Ranchi,Lucknow,586.6462845
Jullundur,Chandigarh,132.3407661
Jullundur,Delhi,325.8030318
Jullundur,Baroda,1027.173762
Jullundur,Hubli,1768.37346
Jullundur,Kolhapur,1625.077208
Jullundur,Agra,517.0545761
Jullundur,Madras,2076.721247
Jullundur,Panjim,1762.801384
Jullundur,Patna,1130.773366
Jullundur,Varanasi,984.2004297
Jullundur,Madurai,2384.076895
Jullundur,Cochin,2369.950325
Jullundur,Amritsar,75.09989218
Jullundur,Ahmedabad,966.9307777
Jullundur,Bhubaneshwar,1594.751909
Jullundur,Allahabad,896.160069
Jullundur,Gwalior,620.9991231
Jullundur,Shillong,1718.15494
Jullundur,Bombay,1383.852307
Jullundur,Jabalpur,1002.308747
Jullundur,Pondicherry,2190.132903
Jullundur,Kanpur,712.0323227
Jullundur,Jamshedpur,1413.66535
Jullundur,Indore,954.0408623
Jullundur,Vishakapatnam,1696.372713
Jullundur,Nagpur,1180.98481
Jullundur,Ranchi,1306.478221
Jullundur,Jullundur,0
Jullundur,Trivandrum,2528.443537
Jullundur,Bhopal,912.0453216
Jullundur,Ludhiana,54.21561007
Jullundur,Hyderabad,1571.968062
Jullundur,Imphal,1940.326473
Jullundur,Calcutta,1595.679219
Jullundur,Calicut,2222.124851
Jullundur,Meerut,330.8702423
Jullundur,Vijayawada,1720.07503
Jullundur,Surat,1157.990015
Jullundur,Jaipur,489.6255656
Jullundur,Agartala,1756.907628
Jullundur,Coimbatore,2253.284399
Jullundur,Asansol,1406.55415
Jullundur,Bangalore,2043.049585
Jullundur,Shimla,154.157311
Jullundur,Pune,1429.058685
Jullundur,Nasik,1267.710556
Jullundur,Lucknow,720.7654367
Trivandrum,Chandigarh,2458.844662
Trivandrum,Delhi,2233.925685
Trivandrum,Baroda,1577.266313
Trivandrum,Hubli,782.0271701
Trivandrum,Kolhapur,951.0879504
Trivandrum,Agra,2067.6791
Trivandrum,Madras,622.1958177
Trivandrum,Panjim,841.6770496
Trivandrum,Patna,2079.44374
Trivandrum,Varanasi,1965.783933
Trivandrum,Madurai,202.2842184
Trivandrum,Cochin,172.1323394
Trivandrum,Amritsar,2567.574152
Trivandrum,Ahmedabad,1670.772451
Trivandrum,Bhubaneshwar,1615.942686
Trivandrum,Allahabad,1942.718424
Trivandrum,Gwalior,1962.139643
Trivandrum,Shillong,2464.311863
Trivandrum,Bombay,1246.972766
Trivandrum,Jabalpur,1654.371966
Trivandrum,Pondicherry,491.7787327
Trivandrum,Kanpur,2016.225529
Trivandrum,Jamshedpur,1864.879824
Trivandrum,Indore,1575.097661
Trivandrum,Vishakapatnam,1220.842796
Trivandrum,Nagpur,1415.581273
Trivandrum,Ranchi,1867.543281
Trivandrum,Jullundur,2528.443537
Trivandrum,Trivandrum,0
Trivandrum,Bhopal,1631.495811
Trivandrum,Ludhiana,2479.919611
Trivandrum,Hyderabad,994.591162
Trivandrum,Imphal,2551.417803
Trivandrum,Calcutta,1977.314626
Trivandrum,Calicut,327.9777095
Trivandrum,Meerut,2266.368912
Trivandrum,Vijayawada,970.6664147
Trivandrum,Surat,1467.083375
Trivandrum,Jaipur,2038.915067
Trivandrum,Agartala,2281.701733
Trivandrum,Coimbatore,275.7166814
Trivandrum,Asansol,1989.716434
Trivandrum,Bangalore,497.1870775
Trivandrum,Shimla,2500.098703
Trivandrum,Pune,1154.985437
Trivandrum,Nasik,1313.9308
Trivandrum,Lucknow,2071.673497
Bhopal,Chandigarh,830.4612993
Bhopal,Delhi,603.9510466
Bhopal,Baroda,447.105978
Bhopal,Hubli,906.3985055
Bhopal,Kolhapur,797.7679049
Bhopal,Agra,438.0165629
Bhopal,Madras,1166.205632
Bhopal,Panjim,938.6923599
Bhopal,Patna,824.7983182
Bhopal,Varanasi,608.7889873
Bhopal,Madurai,1477.656436
Bhopal,Cochin,1480.101058
Bhopal,Amritsar,961.2236216
Bhopal,Ahmedabad,496.4876029
Bhopal,Bhubaneshwar,929.5807527
Bhopal,Allahabad,510.3467064
Bhopal,Gwalior,336.0653406
Bhopal,Shillong,1490.093251
Bhopal,Bombay,660.4862986
Bhopal,Jabalpur,263.5811243
Bhopal,Pondicherry,1278.136503
Bhopal,Kanpur,460.3001842
Bhopal,Jamshedpur,902.2604207
Bhopal,Indore,170.2815457
Bhopal,Vishakapatnam,864.3831161
Bhopal,Nagpur,290.9474056
Bhopal,Ranchi,807.7616289
Bhopal,Jullundur,912.0453216
Bhopal,Trivandrum,1631.495811
Bhopal,Bhopal,0
Bhopal,Ludhiana,860.5793021
Bhopal,Hyderabad,659.9947738
Bhopal,Imphal,1688.640811
Bhopal,Calcutta,1125.752113
Bhopal,Calicut,1339.466362
Bhopal,Meerut,634.9102993
Bhopal,Vijayawada,820.7374364
Bhopal,Surat,525.9595464
Bhopal,Jaipur,436.5448185
Bhopal,Agartala,1417.48608
Bhopal,Coimbatore,1355.86336
Bhopal,Asansol,976.965402
Bhopal,Bangalore,1138.913837
Bhopal,Shimla,869.5953252
Bhopal,Pune,641.9635374
Bhopal,Nasik,520.6713729
Bhopal,Lucknow,533.7861716
Ludhiana,Chandigarh,90.16936883
Ludhiana,Delhi,271.6474738
Ludhiana,Baroda,988.6636574
Ludhiana,Hubli,1722.277355
Ludhiana,Kolhapur,1580.847867
Ludhiana,Agra,462.8725964
Ludhiana,Madras,2024.470925
Ludhiana,Panjim,1719.172433
Ludhiana,Patna,1083.429397
Ludhiana,Varanasi,933.2850316
Ludhiana,Madurai,2334.201776
Ludhiana,Cochin,2322.141353
Ludhiana,Amritsar,124.1151521
Ludhiana,Ahmedabad,931.7785293
Ludhiana,Bhubaneshwar,1541.910683
Ludhiana,Allahabad,843.9314747
Ludhiana,Gwalior,567.0038548
Ludhiana,Shillong,1678.645115
Ludhiana,Bombay,1343.816028
Ludhiana,Jabalpur,948.1639247
Ludhiana,Pondicherry,2138.436682
Ludhiana,Kanpur,659.1190066
Ludhiana,Jamshedpur,1363.176687
Ludhiana,Indore,906.5128254
Ludhiana,Vishakapatnam,1642.163782
Ludhiana,Nagpur,1127.934161
Ludhiana,Ranchi,1255.68775
Ludhiana,Jullundur,54.21561007
Ludhiana,Trivandrum,2479.919611
Ludhiana,Bhopal,860.5793021
Ludhiana,Ludhiana,0
Ludhiana,Hyderabad,1520.574075
Ludhiana,Imphal,1901.047707
Ludhiana,Calcutta,1547.116018
Ludhiana,Calicut,2174.91945
Ludhiana,Meerut,277.4792473
Ludhiana,Vijayawada,1666.916577
Ludhiana,Surat,1119.645976
Ludhiana,Jaipur,442.1270328
Ludhiana,Agartala,1713.307638
Ludhiana,Coimbatore,2204.593067
Ludhiana,Asansol,1358.0713
Ludhiana,Bangalore,1993.42677
Ludhiana,Shimla,127.7033223
Ludhiana,Pune,1386.182027
Ludhiana,Nasik,1225.588181
Ludhiana,Lucknow,669.4436699
Hyderabad,Chandigarh,1488.57876
Hyderabad,Delhi,1261.519919
Hyderabad,Baroda,778.1252358
Hyderabad,Hubli,423.1101509
Hyderabad,Kolhapur,457.9672218
Hyderabad,Agra,1085.411045
Hyderabad,Madras,513.1679085
Hyderabad,Panjim,539.8738376
Hyderabad,Patna,1140.154191
Hyderabad,Varanasi,993.7600184
Hyderabad,Madurai,826.2867406
Hyderabad,Cochin,858.8619683
Hyderabad,Amritsar,1619.953633
Hyderabad,Ahmedabad,878.2020047
Hyderabad,Bhubaneshwar,837.6371638
Hyderabad,Allahabad,956.9021768
Hyderabad,Gwalior,977.972945
Hyderabad,Shillong,1657.543131
Hyderabad,Bombay,622.0197085
Hyderabad,Jabalpur,660.5445322
Hyderabad,Pondicherry,618.8721012
Hyderabad,Kanpur,1021.653771
Hyderabad,Jamshedpur,1005.197494
Hyderabad,Indore,651.4094872
Hyderabad,Vishakapatnam,503.5111059
Hyderabad,Nagpur,421.0763409
Hyderabad,Ranchi,970.5418704
Hyderabad,Jullundur,1571.968062
Hyderabad,Trivandrum,994.591162
Hyderabad,Bhopal,659.9947738
Hyderabad,Ludhiana,1520.574075
Hyderabad,Hyderabad,0
Hyderabad,Imphal,1801.871034
Hyderabad,Calcutta,1182.00655
Hyderabad,Calicut,737.9610355
Hyderabad,Meerut,1287.104282
Hyderabad,Vijayawada,249.9106705
Hyderabad,Surat,727.1748953
Hyderabad,Jaipur,1091.013336
Hyderabad,Agartala,1511.976643
Hyderabad,Coimbatore,723.6858171
Hyderabad,Asansol,1125.954572
Hyderabad,Bangalore,497.661777
Hyderabad,Shimla,1525.474755
Hyderabad,Pune,506.2910274
Hyderabad,Nasik,573.6044962
Hyderabad,Lucknow,1077.920548
Imphal,Chandigarh,1811.1895
Imphal,Delhi,1727.175148
Imphal,Baroda,2135.037234
Imphal,Hubli,2224.84184
Imphal,Kolhapur,2235.400604
Imphal,Agra,1614.902263
Imphal,Madras,1936.006489
Imphal,Panjim,2338.052329
Imphal,Patna,890.7960709
Imphal,Varanasi,1107.182116
Imphal,Madurai,2349.450712
Imphal,Cochin,2492.436129
Imphal,Amritsar,2014.330227
Imphal,Ahmedabad,2182.146063
Imphal,Bhubaneshwar,972.6856233
Imphal,Allahabad,1220.792235
Imphal,Gwalior,1590.77187
Imphal,Shillong,222.573847
Imphal,Bombay,2263.439904
Imphal,Jabalpur,1430.343346
Imphal,Pondicherry,2060.74024
Imphal,Kanpur,1377.538289
Imphal,Jamshedpur,818.8402541
Imphal,Indore,1856.038253
Imphal,Vishakapatnam,1363.131958
Imphal,Nagpur,1574.85421
Imphal,Ranchi,892.151198
Imphal,Jullundur,1940.326473
Imphal,Trivandrum,2551.417803
Imphal,Bhopal,1688.640811
Imphal,Ludhiana,1901.047707
Imphal,Hyderabad,1801.871034
Imphal,Imphal,0
Imphal,Calcutta,620.2754525
Imphal,Calicut,2433.538065
Imphal,Meerut,1675.504895
Imphal,Vijayawada,1660.794897
Imphal,Surat,2198.866264
Imphal,Jaipur,1832.295586
Imphal,Agartala,290.2600202
Imphal,Coimbatore,2355.305881
Imphal,Asansol,718.7401446
Imphal,Bangalore,2160.424415
Imphal,Shimla,1788.007121
Imphal,Pune,2189.269782
Imphal,Nasik,2139.566681
Imphal,Lucknow,1321.065002
Calcutta,Chandigarh,1463.855403
Calcutta,Delhi,1318.138916
Calcutta,Baroda,1562.520995
Calcutta,Hubli,1605.090976
Calcutta,Kolhapur,1615.99083
Calcutta,Agra,1163.494363
Calcutta,Madras,1355.349503
Calcutta,Panjim,1717.777989
Calcutta,Patna,468.5965468
Calcutta,Varanasi,627.1758145
Calcutta,Madurai,1775.345149
Calcutta,Cochin,1902.697151
Calcutta,Amritsar,1670.230868
Calcutta,Ahmedabad,1621.475339
Calcutta,Bhubaneshwar,364.4458869
Calcutta,Allahabad,734.9276523
Calcutta,Gwalior,1108.729919
Calcutta,Shillong,489.5200596
Calcutta,Bombay,1656.86115
Calcutta,Jabalpur,862.1772624
Calcutta,Pondicherry,1486.232975
Calcutta,Kanpur,920.0328533
Calcutta,Jamshedpur,223.5352778
Calcutta,Indore,1285.208218
Calcutta,Vishakapatnam,762.7228691
Calcutta,Nagpur,971.5210921
Calcutta,Ranchi,324.6649453
Calcutta,Jullundur,1595.679219
Calcutta,Trivandrum,1977.314626
Calcutta,Bhopal,1125.752113
Calcutta,Ludhiana,1547.116018
Calcutta,Hyderabad,1182.00655
Calcutta,Imphal,620.2754525
Calcutta,Calcutta,0
Calcutta,Calicut,1832.165382
Calcutta,Meerut,1282.455321
Calcutta,Vijayawada,1051.545335
Calcutta,Surat,1612.142649
Calcutta,Jaipur,1359.146594
Calcutta,Agartala,330.0892251
Calcutta,Coimbatore,1762.865378
Calcutta,Asansol,189.1536279
Calcutta,Bangalore,1558.515251
Calcutta,Shimla,1458.115046
Calcutta,Pune,1577.036714
Calcutta,Nasik,1538.307407
Calcutta,Lucknow,887.0908632
Calicut,Chandigarh,2158.778155
Calicut,Delhi,1936.277264
Calicut,Baroda,1253.607738
Calicut,Hubli,459.781409
Calicut,Kolhapur,625.0136795
Calicut,Agra,1777.482814
Calicut,Madras,528.6822183
Calicut,Panjim,513.7465992
Calicut,Patna,1867.645538
Calicut,Varanasi,1730.935548
Calicut,Madurai,295.4633689
Calicut,Cochin,156.2159156
Calicut,Amritsar,2258.10817
Calicut,Ahmedabad,1345.771963
Calicut,Bhubaneshwar,1468.067451
Calicut,Allahabad,1694.325776
Calicut,Gwalior,1674.314043
Calicut,Shillong,2321.308308
Calicut,Bombay,919.4163169
Calicut,Jabalpur,1392.977447
Calicut,Pondicherry,445.7244145
Calicut,Kanpur,1748.132497
Calicut,Jamshedpur,1690.713121
Calicut,Indore,1268.418752
Calicut,Vishakapatnam,1071.455274
Calicut,Nagpur,1149.703434
Calicut,Ranchi,1676.38833
Calicut,Jullundur,2222.124851
Calicut,Trivandrum,327.9777095
Calicut,Bhopal,1339.466362
Calicut,Ludhiana,2174.91945
Calicut,Hyderabad,737.9610355
Calicut,Imphal,2433.538065
Calicut,Calcutta,1832.165382
Calicut,Calicut,0
Calicut,Meerut,1972.649675
Calicut,Vijayawada,783.3487374
Calicut,Surat,1141.120988
Calicut,Jaipur,1732.830765
Calicut,Agartala,2152.028654
Calicut,Coimbatore,131.1571859
Calicut,Asansol,1815.660376
Calicut,Bangalore,273.6761328
Calicut,Shimla,2202.187031
Calicut,Pune,829.6824934
Calicut,Nasik,990.2193415
Calicut,Lucknow,1808.504423
Meerut,Chandigarh,213.5438287
Meerut,Delhi,66.6235622
Meerut,Baroda,867.9127605
Meerut,Hubli,1531.379377
Meerut,Kolhapur,1405.312086
Meerut,Agra,202.5242223
Meerut,Madras,1780.568327
Meerut,Panjim,1546.453139
Meerut,Patna,825.7899692
Meerut,Varanasi,661.4375986
Meerut,Madurai,2110.410783
Meerut,Cochin,2114.643396
Meerut,Amritsar,400.6870473
Meerut,Ahmedabad,836.7404001
Meerut,Bhubaneshwar,1264.682793
Meerut,Allahabad,568.088732
Meerut,Gwalior,310.680271
Meerut,Shillong,1453.316011
Meerut,Bombay,1201.977196
Meerut,Jabalpur,682.1240288
Meerut,Pondicherry,1899.496311
Meerut,Kanpur,381.9765064
Meerut,Jamshedpur,1091.875483
Meerut,Indore,718.339502
Meerut,Vishakapatnam,1371.754153
Meerut,Nagpur,879.4245257
Meerut,Ranchi,983.5499371
Meerut,Jullundur,330.8702423
Meerut,Trivandrum,2266.368912
Meerut,Bhopal,634.9102993
Meerut,Ludhiana,277.4792473
Meerut,Hyderabad,1287.104282
Meerut,Imphal,1675.504895
Meerut,Calcutta,1282.455321
Meerut,Calicut,1972.649675
Meerut,Meerut,0
Meerut,Vijayawada,1414.340837
Meerut,Surat,995.2829221
Meerut,Jaipur,297.3002522
Meerut,Agartala,1468.968664
Meerut,Coimbatore,1990.759444
Meerut,Asansol,1094.227809
Meerut,Bangalore,1773.020224
Meerut,Shimla,240.5963374
Meerut,Pune,1223.335278
Meerut,Nasik,1071.454224
Meerut,Lucknow,397.2501984
Vijayawada,Chandigarh,1624.056523
Vijayawada,Delhi,1398.863676
Vijayawada,Baroda,1013.223248
Vijayawada,Hubli,604.7569805
Vijayawada,Kolhapur,683.7447202
Vijayawada,Agra,1212.524275
Vijayawada,Madras,380.9706349
Vijayawada,Panjim,738.5522736
Vijayawada,Patna,1108.838382
Vijayawada,Varanasi,1005.052391
Vijayawada,Madurai,777.8789941
Vijayawada,Cochin,868.5005648
Vijayawada,Amritsar,1774.657641
Vijayawada,Ahmedabad,1111.590972
Vijayawada,Bhubaneshwar,689.1831649
Vijayawada,Allahabad,996.4697711
Vijayawada,Gwalior,1104.734283
Vijayawada,Shillong,1539.662453
Vijayawada,Bombay,871.4486036
Vijayawada,Jabalpur,742.2153097
Vijayawada,Pondicherry,513.0978531
Vijayawada,Kanpur,1101.505112
Vijayawada,Jamshedpur,908.3029912
Vijayawada,Indore,851.6205461
Vijayawada,Vishakapatnam,303.1726295
Vijayawada,Nagpur,539.2144254
Vijayawada,Ranchi,900.4521217
Vijayawada,Jullundur,1720.07503
Vijayawada,Trivandrum,970.6664147
Vijayawada,Bhopal,820.7374364
Vijayawada,Ludhiana,1666.916577
Vijayawada,Hyderabad,249.9106705
Vijayawada,Imphal,1660.794897
Vijayawada,Calcutta,1051.545335
Vijayawada,Calicut,783.3487374
Vijayawada,Meerut,1414.340837
Vijayawada,Vijayawada,0
Vijayawada,Surat,971.9253192
Vijayawada,Jaipur,1256.828419
Vijayawada,Agartala,1375.393054
Vijayawada,Coimbatore,726.7348053
Vijayawada,Asansol,1033.46697
Vijayawada,Bangalore,510.8933787
Vijayawada,Shimla,1654.920544
Vijayawada,Pune,754.7646366
Vijayawada,Nasik,821.6332192
Vijayawada,Lucknow,1145.398503
Surat,Chandigarh,1130.601945
Surat,Delhi,939.2240011
Surat,Baroda,131.0021692
Surat,Hubli,686.7499448
Surat,Kolhapur,516.1441505
Surat,Agra,847.885858
Surat,Madras,1194.353134
Surat,Panjim,637.3713146
Surat,Patna,1349.33635
Surat,Varanasi,1134.557112
Surat,Madurai,1367.097952
Surat,Cochin,1296.942306
Surat,Amritsar,1177.014577
Surat,Ahmedabad,206.8513451
Surat,Bhubaneshwar,1356.388409
Surat,Allahabad,1035.71729
Surat,Gwalior,780.2804436
Surat,Shillong,2006.988088
Surat,Bombay,231.8915383
Surat,Jabalpur,770.7133225
Surat,Pondicherry,1263.351713
Surat,Kanpur,961.9569705
Surat,Jamshedpur,1392.224595
Surat,Indore,356.6156691
Surat,Vishakapatnam,1156.652817
Surat,Nagpur,649.8296045
Surat,Ranchi,1308.079576
Surat,Jullundur,1157.990015
Surat,Trivandrum,1467.083375
Surat,Bhopal,525.9595464
Surat,Ludhiana,1119.645976
Surat,Hyderabad,727.1748953
Surat,Imphal,2198.866264
Surat,Calcutta,1612.142649
Surat,Calicut,1141.120988
Surat,Meerut,995.2829221
Surat,Vijayawada,971.9253192
Surat,Surat,0
Surat,Jaipur,703.418494
Surat,Agartala,1920.28769
Surat,Coimbatore,1206.87822
Surat,Asansol,1480.957933
Surat,Bangalore,1039.142825
Surat,Shimla,1182.880872
Surat,Pune,312.3883873
Surat,Nasik,163.8466972
Surat,Lucknow,1037.279626
Jaipur,Chandigarh,434.4043216
Jaipur,Delhi,237.0946995
Jaipur,Baroda,574.2773273
Jaipur,Hubli,1280.42614
Jaipur,Kolhapur,1141.439569
Jaipur,Agra,222.2728362
Jaipur,Madras,1600.869332
Jaipur,Panjim,1280.799609
Jaipur,Patna,945.2280426
Jaipur,Varanasi,740.0735671
Jaipur,Madurai,1896.26582
Jaipur,Cochin,1880.356221
Jaipur,Amritsar,530.8373512
Jaipur,Ahmedabad,539.4892161
Jaipur,Bhubaneshwar,1258.609244
Jaipur,Allahabad,627.3384156
Jaipur,Gwalior,250.4270488
Jaipur,Shillong,1614.796523
Jaipur,Bombay,917.5650883
Jaipur,Jabalpur,591.8109789
Jaipur,Pondicherry,1709.844578
Jaipur,Kanpur,455.2065078
Jaipur,Jamshedpur,1146.217165
Jaipur,Indore,464.492954
Jaipur,Vishakapatnam,1275.936203
Jaipur,Nagpur,721.4886641
Jaipur,Ranchi,1038.026287
Jaipur,Jullundur,489.6255656
Jaipur,Trivandrum,2038.915067
Jaipur,Bhopal,436.5448185
Jaipur,Ludhiana,442.1270328
Jaipur,Hyderabad,1091.013336
Jaipur,Imphal,1832.295586
Jaipur,Calcutta,1359.146594
Jaipur,Calicut,1732.830765
Jaipur,Meerut,297.3002522
Jaipur,Vijayawada,1256.828419
Jaipur,Surat,703.418494
Jaipur,Jaipur,0
Jaipur,Agartala,1595.666533
Jaipur,Coimbatore,1763.860237
Jaipur,Asansol,1180.469663
Jaipur,Bangalore,1554.829282
Jaipur,Shimla,483.8803155
Jaipur,Pune,950.2150906
Jaipur,Nasik,792.5136693
Jaipur,Lucknow,512.6067085
Agartala,Chandigarh,1625.138287
Agartala,Delhi,1514.868782
Agartala,Baroda,1861.671867
Agartala,Hubli,1935.023569
Agartala,Kolhapur,1945.277362
Agartala,Agra,1384.603398
Agartala,Madras,1662.478818
Agartala,Panjim,2047.828533
Agartala,Patna,652.0228793
Agartala,Varanasi,857.8300833
Agartala,Madurai,2079.425153
Agartala,Cochin,2215.968279
Agartala,Amritsar,1831.915301
Agartala,Ahmedabad,1913.379801
Agartala,Bhubaneshwar,686.2493947
Agartala,Allahabad,971.9693987
Agartala,Gwalior,1348.545833
Agartala,Shillong,203.0418861
Agartala,Bombay,1977.631881
Agartala,Jabalpur,1156.113116
Agartala,Pondicherry,1789.992087
Agartala,Kanpur,1141.63264
Agartala,Jamshedpur,532.2400605
Agartala,Indore,1582.611541
Agartala,Vishakapatnam,1080.577112
Agartala,Nagpur,1289.53461
Agartala,Ranchi,612.4484961
Agartala,Jullundur,1756.907628
Agartala,Trivandrum,2281.701733
Agartala,Bhopal,1417.48608
Agartala,Ludhiana,1713.307638
Agartala,Hyderabad,1511.976643
Agartala,Imphal,290.2600202
Agartala,Calcutta,330.0892251
Agartala,Calicut,2152.028654
Agartala,Meerut,1468.968664
Agartala,Vijayawada,1375.393054
Agartala,Surat,1920.28769
Agartala,Jaipur,1595.666533
Agartala,Agartala,0
Agartala,Coimbatore,2077.548302
Agartala,Asansol,440.7156522
Agartala,Bangalore,1878.483661
Agartala,Shimla,1608.944373
Agartala,Pune,1901.438528
Agartala,Nasik,1855.588242
Agartala,Lucknow,1092.837308
Coimbatore,Chandigarh,2183.15777
Coimbatore,Delhi,1958.20901
Coimbatore,Baroda,1312.51479
Coimbatore,Hubli,520.3724284
Coimbatore,Kolhapur,694.2305654
Coimbatore,Agra,1792.278373
Coimbatore,Madras,427.1827497
Coimbatore,Panjim,599.8794559
Coimbatore,Patna,1829.273578
Coimbatore,Varanasi,1705.354435
Coimbatore,Madurai,175.5484484
Coimbatore,Cochin,141.775187
Coimbatore,Amritsar,2292.993585
Coimbatore,Ahmedabad,1407.961797
Coimbatore,Bhubaneshwar,1398.546506
Coimbatore,Allahabad,1677.17356
Coimbatore,Gwalior,1686.934783
Coimbatore,Shillong,2252.31741
Coimbatore,Bombay,993.543082
Coimbatore,Jabalpur,1384.230086
Coimbatore,Pondicherry,327.6052675
Coimbatore,Kanpur,1744.765635
Coimbatore,Jamshedpur,1633.367781
Coimbatore,Indore,1300.412993
Coimbatore,Vishakapatnam,1000.174558
Coimbatore,Nagpur,1143.80419
Coimbatore,Ranchi,1627.00114
Coimbatore,Jullundur,2253.284399
Coimbatore,Trivandrum,275.7166814
Coimbatore,Bhopal,1355.86336
Coimbatore,Ludhiana,2204.593067
Coimbatore,Hyderabad,723.6858171
Coimbatore,Imphal,2355.305881
Coimbatore,Calcutta,1762.865378
Coimbatore,Calicut,131.1571859
Coimbatore,Meerut,1990.759444
Coimbatore,Vijayawada,726.7348053
Coimbatore,Surat,1206.87822
Coimbatore,Jaipur,1763.860237
Coimbatore,Agartala,2077.548302
Coimbatore,Coimbatore,0
Coimbatore,Asansol,1758.630646
Coimbatore,Bangalore,227.1584286
Coimbatore,Shimla,2224.382447
Coimbatore,Pune,894.6878253
Coimbatore,Nasik,1050.078954
Coimbatore,Lucknow,1801.60295
Asansol,Chandigarh,1274.709818
Asansol,Delhi,1130.991393
Asansol,Baroda,1420.970236
Asansol,Hubli,1545.830487
Asansol,Kolhapur,1536.89928
Asansol,Agra,980.0884981
Asansol,Madras,1369.976856
Asansol,Panjim,1648.698122
Asansol,Patna,280.7116796
Asansol,Varanasi,442.9809967
Asansol,Madurai,1789.940601
Asansol,Cochin,1900.142826
Asansol,Amritsar,1481.128467
Asansol,Ahmedabad,1473.111338
Asansol,Bhubaneshwar,393.7411309
Asansol,Allahabad,553.5204057
Asansol,Gwalior,930.3104326
Asansol,Shillong,540.9492832
Asansol,Bombay,1546.708352
Asansol,Jabalpur,715.3989098
Asansol,Pondicherry,1504.546288
Asansol,Kanpur,735.7537995
Asansol,Jamshedpur,125.263039
Asansol,Indore,1141.899128
Asansol,Vishakapatnam,770.5979397
Asansol,Nagpur,858.4021485
Asansol,Ranchi,173.4305762
Asansol,Jullundur,1406.55415
Asansol,Trivandrum,1989.716434
Asansol,Bhopal,976.965402
Asansol,Ludhiana,1358.0713
Asansol,Hyderabad,1125.954572
Asansol,Imphal,718.7401446
Asansol,Calcutta,189.1536279
Asansol,Calicut,1815.660376
Asansol,Meerut,1094.227809
Asansol,Vijayawada,1033.46697
Asansol,Surat,1480.957933
Asansol,Jaipur,1180.469663
Asansol,Agartala,440.7156522
Asansol,Coimbatore,1758.630646
Asansol,Asansol,0
Asansol,Bangalore,1544.196543
Asansol,Shimla,1269.057179
Asansol,Pune,1476.395608
Asansol,Nasik,1421.376122
Asansol,Lucknow,699.8963975
Bangalore,Chandigarh,1968.619989
Bangalore,Delhi,1742.650905
Bangalore,Baroda,1134.154157
Bangalore,Hubli,375.8044095
Bangalore,Kolhapur,548.3551802
Bangalore,Agra,1573.230997
Bangalore,Madras,290.543167
Bangalore,Panjim,492.8780925
Bangalore,Patna,1605.461166
Bangalore,Varanasi,1478.620691
Bangalore,Madurai,341.8246296
Bangalore,Cochin,366.1756016
Bangalore,Amritsar,2085.397746
Bangalore,Ahmedabad,1232.725179
Bangalore,Bhubaneshwar,1194.392751
Bangalore,Allahabad,1450.02625
Bangalore,Gwalior,1467.063411
Bangalore,Shillong,2047.708367
Bangalore,Bombay,843.1129144
Bangalore,Jabalpur,1157.989089
Bangalore,Pondicherry,266.2717953
Bangalore,Kanpur,1519.282338
Bangalore,Jamshedpur,1419.087738
Bangalore,Indore,1094.462784
Bangalore,Vishakapatnam,797.9138268
Bangalore,Nagpur,918.4868422
Bangalore,Ranchi,1407.823837
Bangalore,Jullundur,2043.049585
Bangalore,Trivandrum,497.1870775
Bangalore,Bhopal,1138.913837
Bangalore,Ludhiana,1993.42677
Bangalore,Hyderabad,497.661777
Bangalore,Imphal,2160.424415
Bangalore,Calcutta,1558.515251
Bangalore,Calicut,273.6761328
Bangalore,Meerut,1773.020224
Bangalore,Vijayawada,510.8933787
Bangalore,Surat,1039.142825
Bangalore,Jaipur,1554.829282
Bangalore,Agartala,1878.483661
Bangalore,Coimbatore,227.1584286
Bangalore,Asansol,1544.196543
Bangalore,Bangalore,0
Bangalore,Shimla,2008.489497
Bangalore,Pune,733.0219528
Bangalore,Nasik,877.1036868
Bangalore,Lucknow,1575.386051
Shimla,Chandigarh,55.80954586
Shimla,Delhi,266.2078498
Shimla,Baroda,1052.35627
Shimla,Hubli,1755.699675
Shimla,Kolhapur,1622.369603
Shimla,Agra,442.8896082
Shimla,Madras,2020.852969
Shimla,Panjim,1762.504587
Shimla,Patna,990.7486391
Shimla,Varanasi,857.3306006
Shimla,Madurai,2347.055176
Shimla,Cochin,2346.221783
Shimla,Amritsar,226.6347532
Shimla,Ahmedabad,1004.888169
Shimla,Bhubaneshwar,1477.763148
Shimla,Allahabad,777.5441199
Shimla,Gwalior,551.0249603
Shimla,Shillong,1566.046805
Shimla,Bombay,1400.788369
Shimla,Jabalpur,921.0528506
Shimla,Pondicherry,2139.217694
Shimla,Kanpur,600.9854719
Shimla,Jamshedpur,1283.298667
Shimla,Indore,938.2257905
Shimla,Vishakapatnam,1606.920548
Shimla,Nagpur,1119.797889
Shimla,Ranchi,1177.731572
Shimla,Jullundur,154.157311
Shimla,Trivandrum,2500.098703
Shimla,Bhopal,869.5953252
Shimla,Ludhiana,127.7033223
Shimla,Hyderabad,1525.474755
Shimla,Imphal,1788.007121
Shimla,Calcutta,1458.115046
Shimla,Calicut,2202.187031
Shimla,Meerut,240.5963374
Shimla,Vijayawada,1654.920544
Shimla,Surat,1182.880872
Shimla,Jaipur,483.8803155
Shimla,Agartala,1608.944373
Shimla,Coimbatore,2224.382447
Shimla,Asansol,1269.057179
Shimla,Bangalore,2008.489497
Shimla,Shimla,0
Shimla,Pune,1433.515117
Shimla,Nasik,1276.380469
Shimla,Lucknow,598.1729088
Pune,Chandigarh,1384.617393
Pune,Delhi,1175.332652
Pune,Baroda,425.1197232
Pune,Hubli,374.4108956
Pune,Kolhapur,205.0677497
Pune,Agra,1048.797154
Pune,Madras,913.1412868
Pune,Panjim,335.2874705
Pune,Patna,1402.22164
Pune,Varanasi,1205.005523
Pune,Madurai,1056.232506
Pune,Cochin,985.2293758
Pune,Amritsar,1456.270238
Pune,Ahmedabad,516.0899647
Pune,Bhubaneshwar,1271.966491
Pune,Allahabad,1125.104281
Pune,Gwalior,960.7761412
Pune,Shillong,2016.619442
Pune,Bombay,120.1381697
Pune,Jabalpur,820.3097592
Pune,Pondicherry,968.6012184
Pune,Kanpur,1101.785139
Pune,Jamshedpur,1370.462083
Pune,Indore,509.5169688
Pune,Vishakapatnam,995.0492423
Pune,Nagpur,620.2554958
Pune,Ranchi,1304.840151
Pune,Jullundur,1429.058685
Pune,Trivandrum,1154.985437
Pune,Bhopal,641.9635374
Pune,Ludhiana,1386.182027
Pune,Hyderabad,506.2910274
Pune,Imphal,2189.269782
Pune,Calcutta,1577.036714
Pune,Calicut,829.6824934
Pune,Meerut,1223.335278
Pune,Vijayawada,754.7646366
Pune,Surat,312.3883873
Pune,Jaipur,950.2150906
Pune,Agartala,1901.438528
Pune,Coimbatore,894.6878253
Pune,Asansol,1476.395608
Pune,Bangalore,733.0219528
Pune,Shimla,1433.515117
Pune,Pune,0
Pune,Nasik,163.6591042
Pune,Lucknow,1174.484097
Nasik,Chandigarh,1226.608401
Nasik,Delhi,1021.116826
Nasik,Baroda,263.4231483
Nasik,Hubli,531.9119382
Nasik,Kolhapur,367.566785
Nasik,Agra,904.0015108
Nasik,Madras,1031.197828
Nasik,Panjim,498.7975494
Nasik,Patna,1318.853656
Nasik,Varanasi,1112.138031
Nasik,Madurai,1207.639615
Nasik,Cochin,1145.185605
Nasik,Amritsar,1293.714436
Nasik,Ahmedabad,357.9333639
Nasik,Bhubaneshwar,1258.381499
Nasik,Allahabad,1023.135837
Nasik,Gwalior,821.837647
Nasik,Shillong,1956.78485
Nasik,Bombay,139.8882138
Nasik,Jabalpur,732.0236289
Nasik,Pondicherry,1099.51533
Nasik,Kanpur,978.8746555
Nasik,Jamshedpur,1323.601222
Nasik,Indore,369.9042391
Nasik,Vishakapatnam,1025.887018
Nasik,Nagpur,566.8359611
Nasik,Ranchi,1248.04072
Nasik,Jullundur,1267.710556
Nasik,Trivandrum,1313.9308
Nasik,Bhopal,520.6713729
Nasik,Ludhiana,1225.588181
Nasik,Hyderabad,573.6044962
Nasik,Imphal,2139.566681
Nasik,Calcutta,1538.307407
Nasik,Calicut,990.2193415
Nasik,Meerut,1071.454224
Nasik,Vijayawada,821.6332192
Nasik,Surat,163.8466972
Nasik,Jaipur,792.5136693
Nasik,Agartala,1855.588242
Nasik,Coimbatore,1050.078954
Nasik,Asansol,1421.376122
Nasik,Bangalore,877.1036868
Nasik,Shimla,1276.380469
Nasik,Pune,163.6591042
Nasik,Nasik,0
Nasik,Lucknow,1053.201487
Lucknow,Chandigarh,592.3896299
Lucknow,Delhi,431.1169022
Lucknow,Baroda,933.1612286
Lucknow,Hubli,1407.234256
Lucknow,Kolhapur,1318.993042
Lucknow,Agra,293.8670365
Lucknow,Madras,1525.412825
Lucknow,Panjim,1457.643993
Lucknow,Patna,441.2083682
Lucknow,Varanasi,264.2898968
Lucknow,Madurai,1896.497953
Lucknow,Cochin,1935.963137
Lucknow,Amritsar,793.5577044
Lucknow,Ahmedabad,945.6767989
Lucknow,Bhubaneshwar,879.7209743
Lucknow,Allahabad,180.3738305
Lucknow,Gwalior,284.7714921
Lucknow,Shillong,1102.637237
Lucknow,Bombay,1193.079112
Lucknow,Jabalpur,417.3988629
Lucknow,Pondicherry,1654.310325
Lucknow,Kanpur,75.32265569
Lucknow,Jamshedpur,694.7277164
Lucknow,Indore,688.1650282
Lucknow,Vishakapatnam,1040.928828
Lucknow,Nagpur,659.0853601
Lucknow,Ranchi,586.6462845
Lucknow,Jullundur,720.7654367
Lucknow,Trivandrum,2071.673497
Lucknow,Bhopal,533.7861716
Lucknow,Ludhiana,669.4436699
Lucknow,Hyderabad,1077.920548
Lucknow,Imphal,1321.065002
Lucknow,Calcutta,887.0908632
Lucknow,Calicut,1808.504423
Lucknow,Meerut,397.2501984
Lucknow,Vijayawada,1145.398503
Lucknow,Surat,1037.279626
Lucknow,Jaipur,512.6067085
Lucknow,Agartala,1092.837308
Lucknow,Coimbatore,1801.60295
Lucknow,Asansol,699.8963975
Lucknow,Bangalore,1575.386051
Lucknow,Shimla,598.1729088
Lucknow,Pune,1174.484097
Lucknow,Nasik,1053.201487
Lucknow,Lucknow,0
